Position Z,Diff Angular Vel Vec,Acc X
1.41610760765675,-0.00389547786114577,-0.0199131774113511
1.41430719094874,-0.00357383498388205,-0.0430118661984808
1.41256927372686,-0.00296823275856527,-0.065458520304982
1.41094344869998,-0.00199694347140389,-0.0865399478865245
1.40946369084807,-0.00069637881654876,-0.105798103764664
1.40814989283759,0.000518505858919166,-0.123053244935764
1.40701062069923,0.00121742662116915,-0.138366835106638
1.40604561890971,0.00142814452845579,-0.151970755552815
1.40524806828199,0.00135400324818897,-0.164180095800477
1.40460656347817,0.00113727803328227,-0.175315458632929
1.40410674563162,0.000855788887374183,-0.185651087413916
1.40373257280369,0.000552670886964151,-0.195384292032223
1.40346728069155,0.000253366320387955,-0.204624128634448
1.40329411777868,-2.53545225220708e-05,-0.213394147285222
1.40319695343981,-0.000273141952942278,-0.22163352384262
1.40316078647409,-0.000489318680183875,-0.229219572764898
1.40317208085767,-0.000685069834193214,-0.236065026173954
1.40321889690928,-0.00087935891853818,-0.242232950769792
1.4032908782107,-0.00109210538297194,-0.247937696921041
1.40337917971245,-0.00133971159309998,-0.253427823935653
1.40347642357007,-0.001630072437667,-0.258867422876948
1.40357669282347,-0.00194162039381112,-0.26431698606989
1.40367546836591,-0.00212136093656962,-0.269820904504495
1.40376945724421,-0.00133915511753197,-0.27550265163605
1.40385635971634,0.00171613236845177,-0.281565002716601
1.40393464956522,0.00420075296020912,-0.288215644358143
1.40400343228449,0.00559994368569265,-0.295618979897165
1.40406236668348,0.00680544979637356,-0.303901741481682
1.40411154752996,0.00802659342777624,-0.313143156523195
1.40415130413213,0.00927785260931197,-0.323310610555277
1.40418197661318,0.0105027606991591,-0.334192453902851
1.40420374461759,0.0116046425059042,-0.345383792670065
1.40421654468019,0.012464271396381,-0.356309952730306
1.40422006085746,0.0129467072284487,-0.366238280069482
1.40421373164927,0.0128996309830655,-0.374271529506197
1.40419673611715,0.0121519947465569,-0.379353102938694
1.40416796958234,0.0105207472259698,-0.380296803192834
1.40412602834483,0.00783364166824224,-0.375832145747589
1.40406920657116,0.00397936121258124,-0.364642529446733
1.40399551358532,-0.000987262025335278,-0.345374319153762
1.40390273378916,-0.00658487490833956,-0.316608760117005
1.40378853487043,-0.0111472247475828,-0.276804841713977
1.40365060667707,-0.00972576470650598,-0.224263043989637
1.40348679442107,0.00763362959410925,-0.157145930804643
1.40329518190639,0.0422808602198817,-0.0735333428945436
1.40307415965539,0.0784502679518728,0.028460297823339
1.40282260326126,0.110549632826906,0.150431794486943
1.40254022826242,0.141195096910707,0.293334671241492
1.40222807616642,0.171963976123262,0.457158846567125
1.40188904140997,0.202978387579861,0.64069488949619
1.4015283365297,0.233568780639757,0.841286331259598
1.40115384014314,0.262632072286582,1.054453705976
1.40077628354628,0.288862136871942,1.27353282506543
1.40040908404673,0.310963272118864,1.48987767033046
1.40006766831486,0.327839953988482,1.69389253269298
1.39976851121221,0.338686061870611,1.87609310056484
1.39952830909408,0.342950404440275,2.02724356378292
1.39936347830393,0.34024779858523,2.13780886228445
1.39928988708559,0.330298796821537,2.19790652980741
1.39932265588028,0.312941695065206,2.19862276741263
1.39947600754764,0.288213737352092,2.13396961004385
1.39976327260235,0.256473508560881,2.00193188749722
1.40019705756748,0.218513285676178,1.80460122226025
1.40078949620048,0.17558316529963,1.54824269204184
1.40155251749238,0.129279792122159,1.24295593059013
1.40249797946783,0.0813375722544327,0.901534637281483
1.40363744745137,0.0334213152792309,0.537976479026426
1.40498148636703,-0.0130051320675211,0.166090976913395
1.40653844579316,-0.0567388970532576,-0.20142454047903
1.40831284340198,-0.0968643927516242,-0.553403937129854
1.41030362002623,-0.132754019887833,-0.880561698742898
1.41250258612538,-0.1640372178331,-1.175742724272
1.41489331788972,-0.190553764389736,-1.43383198511846
1.41745071625511,-0.212301151992822,-1.65157600736116
1.42014135405762,-0.229360239521873,-1.82734674092842
1.42292456005669,-0.24181420217036,-1.96063296221228
1.42575409061711,-0.249719062862148,-2.05148216828181
1.4285803108804,-0.253155001472795,-2.10008506756771
1.43135289097119,-0.252316931737344,-2.1063702104028
1.43402400925699,-0.247566483719218,-2.06965255971972
1.43655194645686,-0.239403646242863,-1.9886003790911
1.43890474107312,-0.228399601067279,-1.86176388546343
1.44106337844598,-0.215172456946259,-1.68864049777023
1.44302399861666,-0.20042424006211,-1.47068935468174
1.44479882155945,-0.184962464321421,-1.21162222002261
1.44641577115755,-0.169625007697237,-0.916977279176117
1.44791703738375,-0.155124602169744,-0.593356531532456
1.44935694295318,-0.141921174751121,-0.247574399069734
1.45079943096912,-0.130221642429143,0.113948409629752
1.45231537000462,-0.120097934615554,0.485160672917281
1.45397979515803,-0.111595902914414,0.859789643417371
1.45586915904704,-0.104705418820259,1.23069841505052
1.45805863123001,-0.0991690036317575,1.58959582352909
1.46061943963163,-0.0941576323171966,1.92707862030827
1.46361616923766,-0.0877361405172997,2.23282567094375
1.4671039253195,-0.0759371940881287,2.49597237566715
1.47112542260533,-0.0519902557478097,2.70583559031625
1.47570824597348,-0.0100491366286451,2.85290349187113
1.48086256166235,0.0424695512550821,2.92963181213379
1.48657946201966,0.086686924288629,2.93064607351768
1.49283006380681,0.114451993454968,2.85252051648613
1.49956549449128,0.129052812169089,2.69375389753609
1.5067178993133,0.134948422454912,2.45535743108808
1.51420255343029,0.134695745655106,2.14190836904946
1.52192110986091,0.129389058628078,1.76244742205409
1.52976593522806,0.119510035871657,1.33049536398305
1.53762532158144,0.105576175690514,0.862984145365636
1.54538915143479,0.0884445112984253,0.378603686323069
1.55295446851912,0.0692269876612446,-0.103717398059382
1.56023045181539,0.0489592228772942,-0.565881307670541
1.56714248092571,0.028365061491521,-0.991522228578028
1.57363514521486,0.00797861517355725,-1.36709419578608
1.57967394888339,-0.011521817324166,-1.68314539327339
1.58524531503542,-0.0291954382957833,-1.93546273649412
1.59035477281098,-0.0441271169492381,-2.12549283033471
1.59502368128356,-0.0558534678773508,-2.25962411939368
1.59928499976553,-0.0645969698767044,-2.34763622574284
1.60317861664669,-0.0712542074818066,-2.40095154964345
1.60674676108476,-0.0771618166049306,-2.43101185830979
1.61002989941672,-0.0836165309952053,-2.44792063359671
1.61306334790307,-0.0913086482180863,-2.45963417619594
1.61587469461727,-0.0999979968630497,-2.47185812783671
1.61848198320581,-0.108526479960535,-2.48828541480578
1.62089258239372,-0.114898709886029,-2.5106833631729
1.62310273432258,-0.11597917028523,-2.53930070243228
1.62509780657815,-0.106030995722192,-2.57435169851875
1.6268532826961,-0.0741965442866374,-2.61721386299118
1.62833652765368,-0.00975843321614506,-2.66938926506733
1.62950931018325,0.0721491171974287,-2.7303200560846
1.63033089899886,0.136831017200899,-2.79644646464808
1.63076124241063,0.174836977311809,-2.86170932265742
1.630763561352,0.193690362465579,-2.9181768702786
1.63030597793693,0.199583802895187,-2.95633161109045
1.62936233310021,0.195630469898561,-2.96560943990419
1.62791258384377,0.183389382057698,-2.93536248242132
1.6259430040388,0.163775023848763,-2.85592840300529
1.62344616451194,0.137589339018704,-2.71976104966522
1.62042065492828,0.10577126915706,-2.52242666856491
1.61687070696166,0.0694286838013354,-2.26299626499028
1.61280605474134,0.0298577812461223,-1.94383256212981
1.60824233450054,-0.0114087891353689,-1.57017422053365
1.60320187579057,-0.0526692251866345,-1.14970674276026
1.59771423225026,-0.0922524993681559,-0.692046266073384
1.59181592413462,-0.128647236000968,-0.208111491077103
1.58554937517879,-0.160400589846963,0.290485525557858
1.57896157374813,-0.185853948278362,0.791905379916051
1.57210335108007,-0.202838475571521,1.28440961314024
1.56502952760614,-0.208160117505136,1.75671024482628
1.55779910159345,-0.196280223479806,2.19845482537545
1.55047465591084,-0.157153095543055,2.60056289351451
1.54312089650265,-0.0793725037500645,2.95513077276044
1.53580289634854,0.0250571827767324,3.25536581877504
1.52858485142582,0.110265962680915,3.49608948380995
1.52152939562509,0.152974574229175,3.67435415855386
1.5146967315651,0.164018895034716,3.78939139835229
1.50814331421052,0.157309411518632,3.84192987671339
1.5019204930414,0.141079951545638,3.83351023818755
1.49607341289059,0.119853873028101,3.76614214438858
1.49064021959683,0.0963257965494826,3.64217233007847
1.48565137597976,0.072249159811578,3.46433437130183
1.4811288330116,0.0488051509647847,3.23620756272347
1.47708523082267,0.0267612016748484,2.96286570948987
1.47352350635693,0.00658416445352672,2.65119961880821
1.47043710948495,-0.0114421104291591,2.30994415892901
1.46781097927785,-0.0271359388041208,1.94955714950106
1.46562308777335,-0.0404207480618044,1.58166269411548
1.46384593267307,-0.0513965644657695,1.21792386868011
1.46244767544924,-0.0603764773158881,0.868668881075005
1.46139307237376,-0.0677859814266768,0.541804455003139
1.46064437319692,-0.0739681999183515,0.242519245449912
1.46016234484526,-0.0790488843086468,-0.026284137927073
1.45990740144683,-0.0829413687733884,-0.263599480144598
1.45984056488284,-0.08544237311228,-0.470473427418832
1.45992411928835,-0.0863510939429819,-0.650209869592496
1.46012205240905,-0.0855867421704795,-0.807950349797652
1.46040042180843,-0.0833010818565919,-0.94981709487447
1.46072781556427,-0.0799420695526413,-1.08220497169669
1.46107592556144,-0.0762077285103664,-1.21135419418484
1.46141999617631,-0.0729157755479117,-1.34301636739149
1.46173897268676,-0.0708530490776688,-1.48216875663276
1.46201541260186,-0.0706539109990399,-1.63284203958346
1.46223533398182,-0.0727410604175013,-1.7979807417102
1.46238813439498,-0.0772819569325382,-1.97919572687417
1.46246650026702,-0.0840068857184575,-2.17647501140058
1.46246604273958,-0.0913170170835065,-2.38802891207307
1.46238455204277,-0.0902883382994737,-2.6102468138965
1.46222111041607,-0.024900090813156,-2.83767585378576
1.46197549814281,0.105608144584503,-3.06308797085963
1.4616482247656,0.161292639238173,-3.2775435624525
1.46124120027929,0.191879253845877,-3.47018366944848
1.46075883624298,0.217845142625439,-3.62775496296865
1.46020941618875,0.241412136563746,-3.73415160102006
1.45960671341907,0.261878749602149,-3.77036212529349
1.45897185747631,0.277634778118913,-3.7151192665737
1.45833536590845,0.286597446451334,-3.54612439957588
1.45773917461279,0.286453838026479,-3.24162421522835
1.45723845816327,0.274967924440175,-2.78266440486334
1.45690295770346,0.250480772417324,-2.15688339757449
1.45681739319233,0.212578510888498,-1.36425789326802
1.45708038002674,0.162539761822142,-0.422802468327314
1.45780118664079,0.103099675369975,0.62944271915795
1.45909393884962,0.037625857840661,1.73749994553098
1.46106972302698,-0.0306904336884335,2.83607732800716
1.4638278948391,-0.0992261481346932,3.85764144355955
1.46744790721063,-0.165961264604461,4.74001713688998
1.47198232078024,-0.229204849206312,5.43222886372658
1.47745122986211,-0.286970802277503,5.89815047781917
1.48383843758937,-0.33635150772563,6.11785259230841
1.49108997594787,-0.373220597570247,6.08746439054839
1.49911556847064,-0.391456982803307,5.81838740273506
1.50779323043148,-0.378522972459634,5.33447532153582
1.51697647522038,-0.296303531332856,4.66639479280979
1.52650284278433,-0.0645521832332046,3.84678885097974
1.53620211978229,0.186466211421697,2.90993191366718
1.54590299290013,0.259072827952848,1.89387013311155
1.5554379071729,0.240381275593312,0.840271606087692
1.5646469508867,0.190895868905296,-0.209376649578056
1.5733817663725,0.129689627421977,-1.21849703573876
1.58150963815436,0.0659313519699511,-2.15783520532043
1.5889169426343,0.00701162385519782,-3.00464670432706
1.59551098265461,-0.0401603392621519,-3.74051168025008
1.60121987447225,-0.0698075942858554,-4.35028870430965
1.60599093923323,-0.0780899192051605,-4.82296303343404
1.60978835607674,-0.0636953372788869,-5.15377579739731
1.61259059015894,-0.029044570055291,-5.34546326530363
1.61438789548411,0.017922899997727,-5.40546803326322
1.61518040569873,0.0646095011896826,-5.34083703605057
1.61497744310276,0.099287734502856,-5.15678487796524
1.61379816989721,0.116055173381393,-4.85944270314349
1.61167286976355,0.114626352770413,-4.45792157044377
1.60864363313551,0.0975913053406521,-3.96429825985691
1.6047636757319,0.0684610469364841,-3.39333726731256
1.60009577842758,0.0309172623873624,-2.7621526568883
1.59471103827449,-0.0113776453145791,-2.08954634375015
1.58868846627551,-0.0548314798289415,-1.39535519688816
1.58211474880705,-0.0959538227255134,-0.699547040498105
1.57508301201219,-0.131372260613285,-0.0209081968265613
1.56769018978369,-0.157707014880851,0.624137479138488
1.56003373733993,-0.171152979524656,1.22223068098099
1.55220877665038,-0.166832712902608,1.76328084345655
1.54430630388498,-0.138621406226168,2.24010207897511
1.53641252445888,-0.0822102049522327,2.64779626695293
1.52860894917394,-0.00464179556101441,2.98350134975537
1.52097260169808,0.0708677869760154,3.24642734974459
1.51357574988107,0.122743213701873,3.43759138945717
1.50648499993545,0.146892259556641,3.55922400137902
1.49975999910241,0.14975631967969,3.61422115743888
1.49345210598766,0.138664858201792,3.60587591339758
1.48760333743209,0.119053538374225,3.53803292007419
1.48224575477451,0.0946922390767171,3.41542825459799
1.47740123284587,0.0682483355363428,3.24370448541028
1.47308148563275,0.0416514669123134,3.02911133632552
1.46928831808077,0.0163090642332344,2.7783158880572
1.46601412802216,-0.00674920977495885,2.49844726146399
1.46324266910007,-0.0267843783062189,2.19717541300462
1.46095004852028,-0.0433383475734763,1.88265551590845
1.45910590947563,-0.0562765989356178,1.56322710767203
1.45767478211528,-0.06578194930007,1.24681059584619
1.45661758633014,-0.0722582062136345,0.940328463203121
1.45589319148396,-0.0762852603014772,0.649536353786719
1.4554598671203,-0.0787109717680048,0.379028260673649
1.45527642666736,-0.0806248516785795,0.132241286891498
1.45530295036245,-0.0829103916538543,-0.0886553497981622
1.45550117991135,-0.0856384075639371,-0.283220275905148
1.45583479323709,-0.0880138144710048,-0.452071468140299
1.45626974783008,-0.0889797500433425,-0.594687815296399
1.45677483465715,-0.0877612352715952,-0.70926677194597
1.45732242289282,-0.0839295979092186,-0.795476131427618
1.45788914501489,-0.0772413320486594,-0.855952984350247
1.45845623742422,-0.0676837131886828,-0.895170227089875
1.45900938518212,-0.0558906425668795,-0.918119871477519
1.45953807799845,-0.0434474118784854,-0.929712951743226
1.46003468944099,-0.0324551990878641,-0.934469120994028
1.46049360156133,-0.0245563496797158,-0.936909341975468
1.46091053991029,-0.0202877630667492,-0.942262193205168
1.46128203477489,-0.0192451784242553,-0.95632827374694
1.46160484863348,-0.020706932541421,-0.98472762439999
1.46187534226424,-0.024116333055791,-1.03243766954337
1.46208893482188,-0.029211037248872,-1.10365901721802
1.46223984549244,-0.0359238434164644,-1.2016083638203
1.46232118131851,-0.0442059263080722,-1.32813876449847
1.46232531906691,-0.053830678524852,-1.48338712798402
1.46224447793918,-0.0640457140698424,-1.66567967756244
1.46207136688813,-0.0720731262213442,-1.87162461194973
1.4617998088416,-0.0638132403049116,-2.09612274519046
1.46142531165348,0.0106211174406715,-2.3321395581777
1.46094566427277,0.104829956532197,-2.57026321308559
1.46036167308539,0.148287664387019,-2.79833001663441
1.45967803690194,0.175499965825214,-3.00128984729111
1.45890423992633,0.198227351343919,-3.16121065778877
1.45805540043601,0.218129301601903,-3.25762738489229
1.45715317992259,0.234752910341729,-3.2685125450244
1.45622694363279,0.246987626181356,-3.17169145262367
1.4553152770959,0.25344077302854,-2.94650532957032
1.45446774565124,0.252604967459838,-2.5760312746851
1.45374655905023,0.242987435840035,-2.05007701647508
1.45322767448783,0.223275872029878,-1.36815309964874
1.45300085069704,0.19263374875239,-0.541583096965118
1.45316817274796,0.151044677183075,0.405122760567175
1.45384061446428,0.0994997770142616,1.43371896437128
1.45513251755326,0.0399161200615126,2.49350684834527
1.45715446327337,-0.0251856827659176,3.52525295479265
1.46000544941055,-0.0930691181253875,4.467136328153
1.46376525967697,-0.16102423097741,5.26140804997748
1.46848767895433,-0.226342060477161,5.8611855749407
1.47419501497193,-0.286084778929309,6.23603712584881
1.48087421527158,-0.336911353881671,6.37358465409579
1.48847482107442,-0.375068372679289,6.27684273864025
1.49690915268467,-0.395942763465492,5.9603032921482
1.50605516617003,-0.389662531389607,5.44670159727923
1.51576195886977,-0.301455222643771,4.76422615145166
1.52585709737531,0.0615615281253225,3.94436876497092
1.53615453556837,0.289027089633694,3.02107766547714
1.54646226975276,0.28770743768618,2.03063961788462
1.55658965626506,0.24193128658975,1.01108235937296
1.56635478379659,0.18317984906625,0.000743011688668596
1.57559197453149,0.120735933275481,-0.963701684514021
1.58415866411914,0.0605376283564334,-1.84982283190863
1.59194030750915,0.00727103267530405,-2.6328789769977
1.598852068956,-0.0353293345465189,-3.29898459515003
1.60483699800315,-0.0639061693113254,-3.84541846400435
1.60986161012395,-0.0745644549428515,-4.27682192791831
1.61391039683902,-0.0627388024124713,-4.59966909128118
1.61698068667066,-0.0257203736822706,-4.81912281624738
1.61907883482554,0.0317501252664631,-4.93982920950984
1.62021800153432,0.0947921898897792,-4.96761861105
1.62041712481508,0.146179227874177,-4.90849520997286
1.6197006210175,0.176811348324819,-4.76606872370601
1.6180986051524,0.186521934642421,-4.54085152075787
1.61564747428227,0.178935263186661,-4.23218200691052
1.61239050176381,0.157982770512269,-3.84153667510866
1.60837793192341,0.126974262369702,-3.37540609298618
1.60366626656328,0.0886594532473697,-2.84582203859318
1.59831702538184,0.0454628723765707,-2.26847025723161
1.59239572485529,-0.000298830611833001,-1.66045865190614
1.58597155070503,-0.0462701475137304,-1.03916577847509
1.57911739930148,-0.0900555961874749,-0.421420799499798
1.57190956207576,-0.129330224695719,0.177776331586836
1.56442669080866,-0.16188588610641,0.746141356307861
1.55674824410545,-0.185501804147367,1.27373514848156
1.54895285774162,-0.19771185717494,1.75194369562559
1.54111702991445,-0.195565490103377,2.17302924144434
1.53331436145386,-0.175555855144119,2.53069939863634
1.52561534868751,-0.134568866516129,2.82091094302659
1.51808745454433,-0.0733988994944277,3.04199615146019
1.51079506664107,-0.00175772287855969,3.19419155971824
1.50379898531516,0.0633192828759126,3.27913782280585
1.49715530139092,0.10868691645396,3.29966746919621
1.49091388736137,0.131779055070589,3.25977441478939
1.4851168850787,0.136699619239818,3.16448134672147
1.47979746573382,0.12878466351414,3.01951392090296
1.47497898178285,0.112301927223132,2.83077649271721
1.47067452254003,0.0902216158973743,2.60386625276286
1.46688690820235,0.0647094631593219,2.34430149512938
1.46360919693489,0.0376045907363096,2.05853672388165
1.46082566253236,0.0105499330578565,1.7547030400475
1.45851305904844,-0.0151044597152241,1.44233310644847
1.45664198283633,-0.0383510223748931,1.13145844780173
1.45517825830578,-0.0584657028249451,0.83177875138577
1.45408439466345,-0.074954244729508,0.552237527757687
1.4533211496512,-0.0875653727541159,0.300669798380191
1.45284913431172,-0.0963040890311109,0.0830137492034393
1.45263032602948,-0.101400254815809,-0.0975686593670411
1.45262929499686,-0.103281666209219,-0.2409028872908
1.45281392063367,-0.10255356015782,-0.34934039201703
1.45315552061757,-0.0999097296748064,-0.427174391650581
1.45362852087712,-0.095968291590375,-0.480129909021849
1.45420986270003,-0.0911389767098141,-0.514708016170722
1.45487830996539,-0.0856143254792476,-0.537365925944217
1.45561375783462,-0.0794690159661414,-0.55376262328668
1.45639663237867,-0.0727906962528341,-0.568130448684941
1.45720755397921,-0.0657836544554811,-0.583003834559528
1.4580274349493,-0.0588021909000579,-0.599688890013038
1.45883800665059,-0.0522641874495977,-0.61903489986892
1.45962259334511,-0.0465003209971659,-0.641738501100511
1.46036684836815,-0.0416850677244333,-0.668375037930101
1.46105918392666,-0.0378741224922985,-0.699675545662737
1.46169081070942,-0.0350697592616287,-0.736786805161152
1.46225547858968,-0.0332754515921591,-0.781113485939204
1.46274905626605,-0.032538356309138,-0.833941852815021
1.4631690897197,-0.0329782665873393,-0.896097177232846
1.46351441082458,-0.0347749268088164,-0.967704900702622
1.46378477687974,-0.038072309458248,-1.04824600881653
1.46398055028521,-0.0428126778025034,-1.13691799985297
1.4641024739346,-0.0485667092384989,-1.2329742745129
1.4641515637995,-0.0542787862612574,-1.33591415945269
1.46412907660585,-0.0569001166552071,-1.44575994619318
1.46403641642937,-0.0424745982437607,-1.56343441612755
1.4638748114135,0.0207949141903438,-1.6907103957645
1.46364472035847,0.0763951359533571,-1.82931442113125
1.46334506961491,0.0981223181867109,-1.97971283048944
1.46297249596092,0.110085654292947,-2.14057756927222
1.46252083208616,0.118580289384748,-2.30903762680774
1.46198100818555,0.124791871382123,-2.48088410009002
1.4613413725255,0.128894778646191,-2.65011601585195
1.46058837235889,0.13085085991467,-2.80791152105354
1.4597075912819,0.130582196962698,-2.94161647792745
1.45868518702598,0.127959633401147,-3.03440317663845
1.45750974642115,0.12278044434255,-3.06568671811549
1.45617442082491,0.114835079734039,-3.01220028017298
1.45467905118743,0.104044592533679,-2.8501582744473
1.45303203683319,0.0906427623528983,-2.55883877621147
1.45125186932897,0.0754333543408594,-2.1250214908221
1.44936829670456,0.0600523151864365,-1.54708116122713
1.44742291813674,0.0470113921470667,-0.837587471912172
1.44546880268461,0.0392467168153756,-0.0238857168573804
1.4435687291033,0.0390073856491984,0.853174709964453
1.44179195717157,0.0463678581697666,1.74230062489662
1.44020990407851,0.0582483668728002,2.58696625387786
1.43889138384943,0.068946911949415,3.3324626709116
1.43789801300127,0.0722708002106414,3.93329366488402
1.43728017236775,0.0639920057984189,4.35898267122878
1.43707377638546,0.0431810280543008,4.59653862054749
1.43729803259531,0.0120462821354601,4.64891889876945
1.43795428059103,-0.0252106836395476,4.53060484602825
1.43902589698871,-0.0638203847147585,4.26220834946728
1.44047915310153,-0.099640480084529,3.86587961061696
1.44226480228235,-0.129895956276908,3.36292965019869
1.44432014593626,-0.153431925251102,2.77371094569
1.44657146172551,-0.170536177553469,2.11829664591474
1.44893684896749,-0.182463817567267,1.41688039865274
1.45132954171639,-0.190863101917811,0.690136083321256
1.45366156395948,-0.197224363410064,-0.0400419711766277
1.45584742517638,-0.202246059923551,-0.74985702461756
1.45780744835775,-0.204929451417067,-1.41413095587092
1.45947031186314,-0.20043878147803,-2.00915624790327
1.46077451318701,-0.166664618236495,-2.51697485969309
1.46166868623325,-0.0148328139941122,-2.9268937465492
1.46211096702422,0.147736311671585,-3.23193478247868
1.4620679018911,0.178804716738912,-3.42442503571193
1.46151366913066,0.17242143241313,-3.49572864437235
1.4604303248269,0.154468916106474,-3.43954411826175
1.4588091022662,0.129680352998627,-3.25508349104203
1.45665198240177,0.0997792522070413,-2.94837885030006
1.45397262177401,0.066349360498039,-2.53214343883708
1.45079618164294,0.0315430995392003,-2.02474595909638
1.44715803696254,-0.00160882428637099,-1.44880370911222
1.44310163482841,-0.0289404224202481,-0.829688655419726
1.43867594595456,-0.0448799686570271,-0.19380906863822
1.43393283853762,-0.0425556339401014,0.433262066397161
1.42892442557055,-0.0156804171801126,1.02859100289048
1.42370034818645,0.0360886168541594,1.57345107251096
1.41830505859533,0.101920312969659,2.05446169263439
1.41277522334895,0.164640947438974,2.46425826196746
1.40713739183635,0.21243326062838,2.80147732764649
1.40140616452906,0.242404842523733,3.06949900419758
1.39558311134272,0.256409126304034,3.27425377133887
1.38965657958846,0.257323687086219,3.42252069477652
1.38360252627412,0.2477251870234,3.52064100737308
1.37738652273826,0.229730317825054,3.57269468604017
1.37096690936676,0.205135889696546,3.57893440633538
1.36429894342936,0.175559114921338,3.53570375338331
1.35733936219864,0.142508282555128,3.43908887741479
1.35005021258795,0.107391598380053,3.29066419980615
1.3424014131775,0.0714927871894351,3.09764356872932
1.33437263087388,0.0359432879718713,2.86813209321483
1.32595486538381,0.00171617863486873,2.60926975082886
1.31715139468162,-0.0303650761986032,2.32833073814405
1.3079778128381,-0.0596425429125933,2.03262777345431
1.29846131813396,-0.0856554992425949,1.72818353159588
1.28863948929637,-0.108129482416318,1.41929669578093
1.27855875858658,-0.12692277181215,1.10923159943585
1.26827281906043,-0.14198228042362,0.800897667888371
1.25784112509333,-0.153314578021969,0.497219898556794
1.24732752935326,-0.160947338482596,0.201350695642156
1.2367990613018,-0.164897365116214,-0.0834918391113477
1.22632481368385,-0.165177881464496,-0.354450893587981
1.21597477745819,-0.161863999172946,-0.609229086765437
1.205818349874,-0.155203834741953,-0.845935695435423
1.19592239246356,-0.145685407817552,-1.06288144022228
1.18634907959504,-0.133981803330194,-1.25870252027041
1.17715395091608,-0.120814498222712,-1.43271557057051
1.16838450541155,-0.106834922942013,-1.58480233274246
1.16007959021799,-0.0926380865286285,-1.71458226150664
1.15226970254172,-0.0789197660734351,-1.82066003574987
1.14497795991402,-0.0665681478029643,-1.90072131933546
1.13822111615432,-0.0565219272048263,-1.95238989063706
1.13201010689954,-0.0495177248796148,-1.97429558082907
1.12635017064892,-0.0459370841537174,-1.96679871994554
1.12124101730167,-0.0458136416765293,-1.93215015681304
1.11667756909375,-0.0488994887863194,-1.87428016353909
1.11265155917956,-0.054677466774615,-1.79841066362477
1.10915378353203,-0.0623560251517763,-1.7107556012771
1.10617649236974,-0.0709630365430576,-1.61858812225965
1.10371552505323,-0.0796176860179094,-1.53006060934332
1.10177192268275,-0.0878958709348074,-1.45372407214704
1.10035282312654,-0.0958110480869159,-1.39801586637132
1.09947159957785,-0.102667122905608,-1.36834731785655
1.09914729311809,-0.104025509778271,-1.36350239242216
1.09940343306633,-0.0829333667724445,-1.37715317657688
1.10026636625319,0.00039394860692743,-1.40193514380851
1.10176328213972,0.129086594105618,-1.43083980299681
1.10392038930926,0.224941702865964,-1.45712594335074
1.10676173086652,0.293204176383694,-1.47437820213646
1.11030852552703,0.351352731384899,-1.47665679002088
1.1145784113165,0.403283108748704,-1.45865382552174
1.11958416695464,0.447749313165625,-1.41551650071409
1.12533195900144,0.482189661802578,-1.34258385975216
1.13181947271683,0.504046043907846,-1.23512444506275
1.13903428491686,0.511228187975708,-1.08786184308862
1.14695255399673,0.502281836400579,-0.894730018018913
1.15553803923116,0.476477834385093,-0.64925609404061
1.16474177566919,0.433889371395981,-0.345529811997714
1.17450292447997,0.375444867278757,0.0204532773739878
1.18475119831789,0.30286939946515,0.4490089901907
1.19541086134319,0.218478175482576,0.934620811965076
1.20640560382525,0.124919344186952,1.46468995071639
1.21766306976792,0.0250078904643019,2.01988753870218
1.22911810468848,-0.078259416995226,2.57509913208249
1.24071455220027,-0.181541822242554,3.10071737168129
1.25240571374325,-0.281051777168909,3.56498749815742
1.26415343276076,-0.372723602137319,3.93688861990387
1.27592592857562,-0.452615934686871,4.18879303487174
1.28769481152699,-0.517334234935232,4.29913786919379
1.29943158958555,-0.56434999052788,4.25485600426838
1.31110379251505,-0.592141777943253,4.05242782779446
1.32267117052699,-0.600084768498562,3.69721170643552
1.33408298847639,-0.588180057102473,3.20218097887979
1.34527742733764,-0.556513722685276,2.58722322547041
1.35618330887945,-0.502723825363792,1.87871478718476
1.36672354019175,-0.403869808446103,1.10823321399277
1.37681940920247,-0.105807069767747,0.309705456380767
1.38639489366011,0.219868999929166,-0.484561402239669
1.39538035444167,0.232709610855269,-1.24712091289615
1.4037153953588,0.179168497279548,-1.95658594924818
1.41135085436298,0.118780996151396,-2.59781663347752
1.41824981809072,0.0621083914553657,-3.16210921387891
1.4243875818368,0.0128402371031537,-3.64649672109524
1.42975048698268,-0.0268382122598263,-4.05145497696363
1.43433367280033,-0.0547455503603318,-4.37823919889045
1.43813829117112,-0.0680384476359174,-4.62756868030011
1.44116909509907,-0.0635710973403907,-4.79920021731187
1.44343296411987,-0.0402998619835306,-4.89099956583867
1.4449383791429,-0.00309849071494406,-4.89795792607683
1.44569577231036,0.0365394439147219,-4.81219945886181
1.44571882783118,0.0666915189898973,-4.62458667566313
1.44502652875834,0.0819044551886403,-4.3280407173671
1.44364509492668,0.0833768573124294,-3.92115815391
1.44160882415592,0.0753972792352884,-3.41025438016803
1.43895953481346,0.0628324885429898,-2.80922894551678
1.43574505275118,0.0502971918301702,-2.1378349271911
1.43201743239155,0.0421389659449174,-1.41951635333607
1.42783136624232,0.0424631121149079,-0.67964539395739
1.42324267471298,0.0544825258660706,0.0559873857602724
1.4183064057275,0.0790135061700787,0.762959279406831
1.41307430693735,0.113143498020233,1.4201896426384
1.40759187655895,0.150667389411186,2.01123037073772
1.40189549880339,0.184464683514875,2.52439662782294
1.39601026971702,0.209029791851048,2.95262486675207
1.38994886426758,0.221554294640706,3.29370510828121
1.38371148988731,0.22163274251458,3.54993929510882
1.37728696754132,0.210464325018976,3.72679347526967
1.37065489017524,0.190096866206769,3.83163957855609
1.36378853648461,0.162852498013864,3.87289389112116
1.35665813626938,0.131009389919808,3.85882974567973
1.34923411355813,0.096729972464173,3.79634969700468
1.34149005277211,0.0620244781168413,3.69051138345234
1.33340539494351,0.0285996929526986,3.54467638999891
1.32496784166834,-0.00231184649825344,3.36094316892948
1.31617510350756,-0.0300169090970352,3.14084569130825
1.30703561223322,-0.0543135824848684,2.88601150848404
1.29756826853638,-0.0753480997006668,2.59854607426113
1.28780172817319,-0.0933961989819432,2.28144704522217
1.27777370136199,-0.108665853869954,1.93914218353497
1.26753029497391,-0.121230674373231,1.57791706291436
1.25712514870753,-0.131079534279269,1.20590687030393
1.24661828486166,-0.138164638480956,0.832198991333025
1.23607470379304,-0.142395569949866,0.465551350937805
1.22556266013015,-0.143655792444171,0.113937842210673
1.21515168975591,-0.141887513950406,-0.21534094697528
1.20491074394151,-0.137207137830412,-0.516234503627829
1.1949067479244,-0.13000442822682,-0.785040938890899
1.1852034750051,-0.120965948532548,-1.02084178927603
1.17586025274794,-0.110993862918316,-1.22490093814613
1.16693025199813,-0.101047763132333,-1.39952957210517
1.15845879950249,-0.0919582994192936,-1.5472155900016
1.15048242559883,-0.0842908122913228,-1.67046315250989
1.14302895707215,-0.0783111185387773,-1.77192228991076
1.13611845845502,-0.0740142068015279,-1.85424616532089
1.12976455556653,-0.071188052249314,-1.91960621813354
1.12397571378098,-0.0695298020633355,-1.96909636938563
1.11875634788004,-0.0687527921006574,-2.00251521858743
1.11410785362066,-0.0686190432027003,-2.01884759079175
1.11002962899704,-0.0689351945089178,-2.01709029946835
1.10652010770889,-0.0695362849412904,-1.99693654495299
1.10357773508549,-0.0702367755288091,-1.95919053931241
1.10120166539781,-0.070774877835436,-1.90596391348261
1.09939202160405,-0.0709409873489416,-1.84087941879126
1.09814984216528,-0.0709753229171581,-1.7696137382651
1.09747706432801,-0.0714326101824715,-1.69945177538324
1.09737687338836,-0.0717498016474594,-1.63597046269622
1.09785433499068,-0.068066295718858,-1.57980662285913
1.09891663264134,-0.0504326052437741,-1.52725151011601
1.1005722890006,-0.00278890464947806,-1.47270362066422
1.1028296681049,0.0782403530630822,-1.41075107195085
1.10569572669463,0.165715451622168,-1.33784623209028
1.10917559047606,0.237723542604737,-1.25277885445362
1.11327262868192,0.293585625150638,-1.15578860792479
1.11798829181348,0.337169787848715,-1.04741592096986
1.12332135973256,0.370462340988566,-0.927784591178072
1.1292668081223,0.393976700816499,-0.796143115116571
1.13581466762167,0.407557635643119,-0.650504473419446
1.14294914352832,0.410856679057275,-0.487556253065948
1.15064810351429,0.403615588995929,-0.302890490342631
1.15888287317612,0.385800206360398,-0.0916848950503997
1.16761824250619,0.357663010115552,0.150034873033361
1.17681270338655,0.319799501000519,0.423831573457504
1.1864190473795,0.273144841172162,0.72761563978144
1.19638543196647,0.218835355788262,1.0556080866579
1.20665688251012,0.158031794572024,1.39962002726615
1.21717706758898,0.0918971219660394,1.75047868703181
1.22789013324281,0.0217490206826145,2.09872030310011
1.2387424098822,-0.0507768290187878,2.43450104959444
1.24968392841343,-0.123663070352663,2.74693690599777
1.26066975333716,-0.194560067997799,3.02368279860925
1.27166103079345,-0.260984205234179,3.25155990177734
1.28262548318242,-0.320628329877792,3.41797818876342
1.29353704857107,-0.371587358890438,3.51234294712651
1.30437452899688,-0.412333520463726,3.52669774455338
1.31511939662978,-0.441474312677756,3.45535820280033
1.3257531679861,-0.457486617128022,3.29421481637571
1.3362548334722,-0.458609454633593,3.04069905937717
1.34659870871753,-0.442813856640609,2.6948783420055
1.35675293603677,-0.407429775754197,2.26120268147566
1.36667875083354,-0.347964797146948,1.74982059609586
1.37633053363911,-0.257158665988299,1.17677337183024
1.38565665618299,-0.133986292577597,0.562978384399012
1.39460107624398,-0.0129986372709877,-0.0676291156002781
1.40310554795044,0.053277594403366,-0.690021902280916
1.41111231745653,0.062039707012249,-1.28003884764077
1.41856703315719,0.0398251173686344,-1.81741955921592
1.42542134805083,0.00642420119876164,-2.28964433261663
1.43163476507407,-0.0272210220567832,-2.69384679716059
1.43717553918153,-0.0540803518592322,-3.03446607391585
1.44202056927203,-0.0677192720255404,-3.31752277110824
1.4461543413106,-0.0602912970386731,-3.54545741603731
1.44956727943921,-0.0239769309001646,-3.71646181346358
1.45225419050803,0.0382888656968358,-3.82762755879788
1.45421345149349,0.104338709254106,-3.87688712353847
1.45544699478357,0.152324761550227,-3.86134915571963
1.45596071369196,0.177784866973477,-3.77556919143019
1.45576517409307,0.185544852663277,-3.61343111430673
1.45487670526939,0.181029094029308,-3.3722033880914
1.45331861863831,0.168268403564378,-3.05522036854733
1.45112204321816,0.150199206972498,-2.67193509158462
1.44832580902119,0.129171634119201,-2.23607282242048
1.44497497435194,0.1072645110199,-1.76323055977736
1.44111825075011,0.0864434345537157,-1.26919394134153
1.43680517967108,0.0686019962145932,-0.769341826245223
1.43208376400287,0.0554858114709109,-0.278499949369318
1.42699867879179,0.0485094622583051,0.189587535517568
1.42158981997757,0.0484406828867625,0.623208224001708
1.41589099905686,0.0550129476867847,1.01345850992238
1.40992884372129,0.0667117173368212,1.35459074950115
1.40372211505239,0.0809655976155739,1.64414388226473
1.39728161471343,0.0947321532083678,1.88282337676101
1.39061071759277,0.105206609560712,2.07370972759438
1.38370644105817,0.110342977279074,2.22082742343502
1.37656088029387,0.109068253724673,2.32791623874772
1.36916279426392,0.101238712725734,2.39814023805128
1.36149920793307,0.0874635678623585,2.43450285047032
1.35355710786593,0.0688978288257642,2.44013518462421
1.34532541301736,0.0470128005815256,2.41794255527566
1.33679717781802,0.0233498304784199,2.36990626483467
1.32797164047046,-0.000683938001471596,2.29674754778649
1.31885573157612,-0.0239381368055298,2.19823569833594
1.30946493975752,-0.045564679140047,2.07391624084477
1.29982354979486,-0.0649801690367764,1.92393146706462
1.289964255141,-0.0817630359856913,1.74964709153507
1.27992721553021,-0.0955866478800043,1.5539772816688
1.26975874068927,-0.106258532411347,1.3414105745713
1.25950984235558,-0.113790233862095,1.11753748890271
1.24923477730846,-0.118388885873815,0.888216541328764
1.23898950764877,-0.120385582542595,0.659139502936289
1.22883008677209,-0.120193090679145,0.435795365767371
1.21881116437676,-0.118312217452064,0.223037164427781
1.20898467360363,-0.115306450574296,0.0243652388452665
1.19939859928892,-0.111704045347385,-0.158287128240526
1.19009594275082,-0.107917846692717,-0.324115589986635
1.18111427241482,-0.104265108190962,-0.472866143486447
1.17248603093068,-0.101034809569004,-0.604536375195301
1.16423917481905,-0.0985110049321718,-0.719249393032295
1.15639745087058,-0.0969038770607835,-0.817182264418002
1.14897996257831,-0.0962045643358265,-0.898693284185222
1.14200021970085,-0.0961250320581128,-0.964528313258611
1.13546522930968,-0.0962529938112597,-1.01592383475426
1.12937525709889,-0.0962773288424197,-1.05466676417111
1.12372452822893,-0.0960832765644908,-1.08305945349508
1.11850263259075,-0.0956920987054414,-1.1037344220497
1.11369624246188,-0.0951459151445658,-1.11941110673097
1.10929083443438,-0.0944412786165497,-1.13263302343889
1.10527211086782,-0.0935045363653586,-1.14555325490071
1.1016268493754,-0.0921516247350136,-1.1599607939476
1.0983431545928,-0.09001938654094,-1.17758956318984
1.09541042905791,-0.0864694110388593,-1.20044444264856
1.09281952950472,-0.0804322459393729,-1.23090182493389
1.09056333446624,-0.0700609096910632,-1.27155877775139
1.08863750120359,-0.0522214121968559,-1.32489880674324
1.08704093033803,-0.0243277691433076,-1.39312849674963
1.08577554196137,0.00685830298462348,-1.47871591418166
1.08484533215652,0.0273179438176384,-1.5845299177616
1.08425505082828,0.0352408672344693,-1.71165230764648
1.08400878217662,0.0376754138534093,-1.85674746650681
1.08410843932578,0.0409148433448303,-2.01199340880641
1.08455225299475,0.0489370840744579,-2.16622814750229
1.08533340923191,0.0633634157507212,-2.30573212414947
1.08643888016599,0.0833039815053219,-2.41538130194188
1.0878486068103,0.10598054519319,-2.47994325686121
1.08953526965907,0.128039337931284,-2.48484963097769
1.09146457737612,0.146640041869653,-2.41695786247152
1.09359573080001,0.159830768709333,-2.26579087476852
1.09588184030673,0.166450064318701,-2.02481498955467
1.0982703686979,0.165962683061204,-1.6922122187288
1.10070375014825,0.158304435481304,-1.27137294575075
1.10312022433714,0.143675539152854,-0.771468467792343
1.10545496402466,0.12236445910481,-0.207797884854704
1.10764173658971,0.0947646079032047,0.398576536927172
1.10961525546354,0.0615939408804762,1.02214907581174
1.11131416141441,0.024181395440424,1.63520268380402
1.11268447466018,-0.0153005262216228,2.21031081873128
1.113683034629,-0.0537294167448559,2.72223537905159
1.1142800316452,-0.087131880975883,3.14897435749351
1.1144600387861,-0.111109350071597,3.47232091349587
1.11422184477235,-0.121712840496345,3.67851286180898
1.11357788762547,-0.11678397200833,3.75944279518795
1.11255378862804,-0.0974947927769398,3.71409745299977
1.11118781157699,-0.0692342329398135,3.54920811472822
1.10952961190138,-0.0404307176803034,3.27857563796777
1.10763773336581,-0.0189450131562821,2.92143536598663
1.10557593576411,-0.00854947590736321,2.5004982831103
1.10340909849098,-0.00842232405491217,2.03998493603034
1.10119953431117,-0.0152163863488739,1.56369587585845
1.09900413202491,-0.0253422307674249,1.09310031021458
1.09687243941546,-0.0361355435527682,0.645511946289389
1.09484579350342,-0.045887196273211,0.2329506100192
1.09295757781012,-0.0534211676840315,-0.137811595764782
1.09123450298073,-0.0579074866744822,-0.464707266061875
1.08969860128014,-0.05896602319541,-0.749980144955459
1.0883694724694,-0.0567698407230918,-0.999314758789552
1.08726630842359,-0.0519391903274944,-1.22013802889975
1.08640943502961,-0.0451900284438009,-1.41968222716684
1.08582139998867,-0.0371031765727173,-1.60296570175332
1.08552778114328,-0.0282800241895808,-1.77116674056345
1.08555784354258,-0.0192621137191467,-1.92160665440369
1.0859450018681,-0.00987754392817408,-2.04915485856104
1.08672681514839,0.000973279271252681,-2.14800751006534
1.08794417947988,0.0145874557212801,-2.21352068888961
1.08963972894429,0.0315653588220492,-2.24362185124987
1.09185590857267,0.0512516384911174,-2.23911204660909
1.09463323247965,0.0718455376230402,-2.20267837061218
1.09800896776685,0.0913134343866427,-2.1371504785004
1.10201625960684,0.108224604642152,-2.04434245209816
1.10668358704695,0.121849128218169,-1.9253212747649
1.11203435674637,0.131857475496356,-1.78144502719924
1.11808638457891,0.13809537307913,-1.6151313337106
1.12485102321557,0.140545492109966,-1.42991982087168
1.13233189260511,0.139374548875472,-1.22990772848334
1.14052343012126,0.134958202685418,-1.01887329646624
1.1494095508649,0.127850879006657,-0.799432696914828
1.15896263589121,0.118709171139226,-0.572662184768029
1.16914291491734,0.108194625463239,-0.338557631991858
1.1798981423375,0.0969098164393389,-0.0970624257832292
1.19116350589169,0.0853820906072795,0.15106941692627
1.20286193401471,0.0740435956463124,0.403959174932499
1.21490508001252,0.0631922123550885,0.658799966547598
1.22719517857373,0.0529572643218463,0.912340002025609
1.23962782155643,0.0432752240226066,1.16129030539039
1.25209549833476,0.0339006705237117,1.40245968200449
1.26449149245459,0.0244712725142882,1.63263906991381
1.27671364225087,0.0145881974788438,1.84834836683567
1.288667731196,0.00388880826524352,2.04580290023476
1.3002706422569,-0.00788578965780307,2.22132307790443
1.31145342649433,-0.0208576359600881,2.37186011869675
1.32216400346972,-0.0350229312610928,2.49529175564796
1.33236888123828,-0.0502543305381336,2.59044451672783
1.34205351712339,-0.0662525855148171,2.65687973327781
1.35122142079038,-0.082495338878712,2.69462632597919
1.3598922935463,-0.0982807248396607,2.7041216606224
1.36809932963476,-0.112863678650301,2.68635080774107
1.37588561221612,-0.125575586347446,2.64290819229175
1.38329967635678,-0.135877273072054,2.5758681724013
1.39039072700225,-0.143332487901029,2.48769289443358
1.39720425145456,-0.147436590015929,2.3811933733024
1.40377858237338,-0.147360510363007,2.25911478394868
1.41014255719894,-0.141853314623276,2.1233518194876
1.41631416886534,-0.129444771709753,1.9744894847007
1.42230011438592,-0.108950123519744,1.81198236302925
1.42809622883093,-0.080407923936793,1.6346818201343
1.43368877265256,-0.0463333363116585,1.44162506161643
1.43905642914823,-0.0120107758762387,1.23310875395676
1.44417275629226,0.0165624955359882,1.01145817271729
1.44900877427715,0.035621010712074,0.78072193532833
1.45353538241992,0.0444995105406349,0.545624309258573
1.45772542598508,0.044435627915836,0.310916016836624
1.46155538840759,0.0372907714108934,0.0814079591671865
1.46500670915251,0.0249281228011715,-0.138014722450799
1.4680667177817,0.00898157067932726,-0.342892818520779
1.47072927812103,-0.00909862956668506,-0.530040456748268
1.47299525058487,-0.0278093900035248,-0.698137943313234
1.47487262678158,-0.0455023495871301,-0.847633611101315
1.47637600525937,-0.0605984309207628,-0.980200972102436
1.47752535938077,-0.0718068299883741,-1.09820928699076
1.47834453467637,-0.0780596667083222,-1.20433415968265
1.47885997405873,-0.0783024059972521,-1.301324348818
1.47909973918652,-0.0714577211997105,-1.39187800035135
1.47909253571203,-0.0567968718978152,-1.4783385301362
1.47886647248252,-0.0348456218864558,-1.56209199094687
1.47844751767928,-0.0084254591853351,-1.64304182851983
1.47785785793713,0.0174753709838816,-1.71965877517736
1.47711444470425,0.0377377683873557,-1.7896407119657
1.47622783786024,0.0493752349967103,-1.85062919415973
1.47520126667324,0.05203519861348,-1.90079032516027
1.47402989876817,0.0470582430206059,-1.93954075185988
1.47270049930267,0.0363545812004216,-1.96774161338322
1.47119163617466,0.021655510216857,-1.98628571153306
1.46947438771466,0.00415728455664011,-1.99384089266777
1.46751345332615,-0.0154510420007201,-1.98577659096144
1.46526865644142,-0.0365699462877259,-1.95480963844106
1.46269682402623,-0.0579840070115232,-1.89226668575401
1.45975399929087,-0.0767167691563113,-1.78944882173721
1.45639806985658,-0.0856228270782051,-1.63903778387226
1.45259181080181,-0.0689427581036586,-1.43528839950348
1.44830584187729,-0.00295638004902266,-1.17283679463424
1.44352081374531,0.112063137044765,-0.847079747102495
1.43822861527314,0.229406693071861,-0.457516322988031
1.43243265275414,0.318184705422859,-0.0109730153643219
1.42614685214837,0.380150916632095,0.478112517229303
1.41939284934747,0.421085300641989,0.989714931641732
1.41219556182312,0.442945012454589,1.5007208700634
1.40457847108802,0.445675514652026,1.98727405238298
1.39656033656837,0.429145587340504,2.42737098384799
1.38815423865389,0.3941300096487,2.8035837602534
1.37936878174638,0.34250352996624,3.10459567878967
1.37021081720556,0.277009418386943,3.32443747051983
1.36068880881922,0.20110646651245,3.46046157434946
1.35081590826114,0.119136555913194,3.5125350663378
1.3406122081644,0.0364922676867527,3.483935038738
1.33010594250491,-0.0407749427747124,3.38191841833056
1.31933337121152,-0.107168931438771,3.21655586207859
1.3083374316317,-0.159413976050998,2.99829996151464
1.29716596957671,-0.197459940103748,2.73608514084543
1.28587057102109,-0.223818129644223,2.43751533638502
1.27450645603213,-0.241679467959836,2.11009656198648
1.26313308271762,-0.253392947107534,1.7613861773146
1.25181457333799,-0.260173948490521,1.39828100496323
1.24061910713854,-0.262577375801581,1.0271140741129
1.22961682610077,-0.261005346607944,0.654730049609847
1.21887634316076,-0.256036346119807,0.289110210161257
1.20846061559512,-0.248569824477149,-0.0613520675952556
1.19842335913163,-0.239702372423412,-0.389173497312255
1.18880691675299,-0.230407994240221,-0.68847163495471
1.17964180604981,-0.221291607060747,-0.954922035530883
1.17094763765084,-0.212579269879962,-1.18563386709406
1.16273499674382,-0.204222871418924,-1.37914044672601
1.15500791628253,-0.195850029525585,-1.53552361744677
1.14776641925392,-0.186415905405272,-1.65679946808402
1.14100854091353,-0.173505052961448,-1.74704220092384
1.13473157944121,-0.151721157486122,-1.81151855016569
1.12893271905222,-0.109073482952669,-1.85525015117084
1.12360925511152,-0.0318858459459174,-1.88212667299481
1.11875854354504,0.0510566452126157,-1.89483713553961
1.11437761886804,0.0926299573849804,-1.89512670482035
1.11046233298754,0.1003237913445,-1.88443693693492
1.1070061297618,0.092378345565442,-1.86519257389108
1.10399903334271,0.0776783877757743,-1.84182637292362
1.10142765208753,0.0605560389949278,-1.82020108397884
1.09927673340888,0.0436678689610552,-1.80556093512137
1.0975319934128,0.0288997289185161,-1.8004737347421
1.09618308220359,0.01767708584701,-1.80400655530917
1.09522555835313,0.0110272076003877,-1.81252425435398
1.09466162554379,0.00946911755264745,-1.82140456161038
1.09450003321457,0.012865792831098,-1.82640831401844
1.09475543790454,0.0203749169531584,-1.8244818938611
1.09544727594559,0.0305655523717702,-1.81422431890117
1.09659835573215,0.0416743762192504,-1.79556529904358
1.09823362973594,0.0520016754317303,-1.76860409383606
1.10037942055136,0.0604282503252613,-1.73242356064328
1.10306288438176,0.0667065137210101,-1.68481682468173
1.10631134067828,0.0712871268621666,-1.62316192845189
1.11015142972271,0.0749028508516396,-1.54555025773492
1.11460832677277,0.0781975626885885,-1.45128698045061
1.1197051379666,0.0815459434230061,-1.34081764451985
1.12546239977571,0.0850649518725164,-1.21541103396237
1.13189749218204,0.0886739491399222,-1.07674691829943
1.13902369556424,0.0921169709280585,-0.926408372333152
1.14684860899793,0.0950287853512273,-0.765366350596343
1.15537183554732,0.0970812578562603,-0.593832638712488
1.16458217418574,0.0980922764550045,-0.411570029288527
1.1744548168925,0.098002280504343,-0.218385336372885
1.18494911595273,0.0967703727255151,-0.0146724225213853
1.19600740182382,0.0943078643282589,0.198251354701443
1.20755516269521,0.0904988593548213,0.418254239554254
1.21950266289148,0.085250604977134,0.642735706854408
1.23174780272114,0.078508420784519,0.868968985989993
1.24417985540896,0.0702405217916735,1.09423851651311
1.25668378334852,0.0604237572154336,1.31559870219722
1.26914494565556,0.049048490567313,1.52958829751219
1.28145389757998,0.0361277993541189,1.7322928864132
1.29351077306167,0.0216850844353997,1.91958742800916
1.30522877907702,0.00575267802810275,2.08735942206945
1.31653666278447,-0.0115855391439372,2.23168772356344
1.32738028214562,-0.0301501211636186,2.34894445500888
1.33772334340836,-0.0496573196848478,2.4360256052967
1.34754720324557,-0.0697209667760905,2.49080282674303
1.35684969092497,-0.089858650176927,2.51256183139096
1.36564306858974,-0.109530026824173,2.50231262006674
1.37395129499213,-0.128168765988132,2.46276128851115
1.38180672466738,-0.145141850226685,2.39766387340025
1.38924640911231,-0.159674549275335,2.31081893056337
1.39630832391931,-0.170818698205671,2.20519786963201
1.40302797618666,-0.177480259168476,2.08254945065228
1.40943579578717,-0.178479619814308,1.9436748950799
1.41555552595134,-0.172552716820863,1.78901794605292
1.42140357533856,-0.158254410687674,1.6189243563093
1.42698907429381,-0.134102041782278,1.43369769181884
1.43231436001603,-0.099637583092907,1.23402896119825
1.43737575788547,-0.0575825633092715,1.02175231334893
1.44216463715177,-0.0151579324617668,0.800466791409733
1.44666874322162,0.0187105319163313,0.575738697069189
1.45087377902266,0.0387090875710125,0.354583974733897
1.45476515056985,0.0448620508982959,0.144182493666628
1.45832969331371,0.0400927261593875,-0.0492150651855777
1.46155712884993,0.0276680946738066,-0.220349591921642
1.46444115473832,0.0103470706648516,-0.364723847304728
1.46698028868611,-0.00933520112055808,-0.479713358400787
1.46917851994017,-0.0287870028849977,-0.567074419444762
1.47104558797169,-0.0457160693279712,-0.633070673673641
1.47259667235046,-0.0587002777852057,-0.684231952409256
1.47385157149219,-0.0672701368766025,-0.723987629215044
1.47483376655988,-0.0714666684143277,-0.753962676377282
1.47556955522134,-0.0715176001779311,-0.776700658656214
1.47608695341593,-0.0681141793310791,-0.796494511379729
1.47641410144978,-0.0627846660189973,-0.81849648552802
1.47657738642746,-0.0575311694610638,-0.847505118414937
1.47659976052774,-0.0537937811764961,-0.887386063139097
1.47649957716368,-0.0515138809134122,-0.941200623842966
1.47628992319483,-0.0485999961320672,-1.01146471364141
1.47597825509541,-0.0403475363123324,-1.09999609165867
1.47556624774959,-0.0195133353723416,-1.20736478264871
1.47504991528594,0.0176593359905939,-1.33230223454173
1.47442006803952,0.0609989275140569,-1.47132628065804
1.47366302085291,0.0959568046010787,-1.61863018590894
1.47276130140176,0.118841826268895,-1.76637992954951
1.47169411991142,0.131959121062561,-1.9059030220039
1.47043756290254,0.137446189665876,-2.02920867635263
1.4689646217693,0.136432543951564,-2.12901770750806
1.46724517166783,0.129705384378717,-2.19750536988282
1.46524606999259,0.11810656412177,-2.2256202404012
1.46293163375688,0.102438749519218,-2.20276154282776
1.46026464369926,0.0834672063425026,-2.11618437355636
1.45720779505832,0.0626113543559348,-1.95156109025302
1.45372546249122,0.0432193013098563,-1.6958010339976
1.44978578813569,0.0312843484547576,-1.34145085445834
1.4453631248212,0.0345421636512817,-0.89063679969962
1.44044043715709,0.0599301973774533,-0.355885181239733
1.43501065495595,0.10954490171288,0.242124225011107
1.42907603831494,0.176834324545024,0.876656119081195
1.42264556365333,0.247766918299783,1.51576108975006
1.41573129511472,0.307640965269207,2.12407110361798
1.40834489653859,0.346870670404757,2.66673719552937
1.40049509870779,0.361801724900802,3.1143151105863
1.39218664345989,0.352798029584044,3.44647496559507
1.38342092560911,0.322300149958704,3.65251461416218
1.37419804312676,0.273799988351375,3.72918509895673
1.3645196551586,0.211606039147012,3.67909172729257
1.35439211618916,0.140809751803156,3.51125064897165
1.34382939734662,0.067001625151101,3.24205840159515
1.33285525356665,-0.00440757814369075,2.89460522931837
1.32150426996266,-0.0691343317772617,2.4957833210935
1.30982186617204,-0.124799821231611,2.07208727503212
1.29786361443782,-0.171026119015535,1.64601245807925
1.28569410774499,-0.20871447977521,1.23444523928434
1.27338550453319,-0.238997736560872,0.84887806656504
1.26101596134158,-0.26260301588972,0.496579093004852
1.248668097369,-0.27986819168636,0.181927230764051
1.23642732326813,-0.291021095663151,-0.0926505464855198
1.2243797245456,-0.296321542797064,-0.326421490769216
1.21260944506968,-0.296112442815453,-0.520632277472548
1.20119584602948,-0.290949632477632,-0.678567477570832
1.19021083037088,-0.281722822463902,-0.804722404549203
1.17971666906999,-0.269581367225567,-0.903607686578289
1.16976452080739,-0.255649664588794,-0.979149900951033
1.16039365913701,-0.240696196861336,-1.03466210547427
1.15163128350096,-0.22488887749448,-1.07285577915045
1.14349268824933,-0.207458652126032,-1.09596107907993
1.13598156691383,-0.185234854712531,-1.10624841275047
1.129090441102,-0.144731260845236,-1.10671796292467
1.12280146701532,-0.0407515080787258,-1.10133235176075
1.11708792344345,0.0840891168857045,-1.09460490929883
1.11191643548391,0.120300270979534,-1.09107544897651
1.10724956240845,0.118141749908452,-1.09495698965937
1.10304818342141,0.10610234371,-1.10949331099374
1.09927349315253,0.0911228516171537,-1.13604978374694
1.09588897452375,0.0754858588986614,-1.17395343214077
1.09286267991874,0.0599568239052855,-1.22168346084316
1.09016952646963,0.0448574701484659,-1.27850856577839
1.08779287197989,0.0308261568149513,-1.34475058717087
1.08572479234607,0.0189797933170749,-1.42036828646144
1.08396503656959,0.0105106912573458,-1.50368928395398
1.08251925116903,0.00619426495934527,-1.59131412334202
1.08139725872471,0.00614616912484089,-1.67884656986311
1.08061176740277,0.00991974934582274,-1.76207601596724
1.08017741386335,0.0167372902966445,-1.83745442886717
1.08011000805594,0.0255629667880864,-1.90149039825923
1.08042614021743,0.0351104828910105,-1.9508574947488
1.08114348845434,0.0440632941275838,-1.98299414082498
1.08228191026,0.0513830667199451,-1.99545160465677
1.08386484238722,0.0564303974732983,-1.98508428655513
1.0859202041261,0.0589877133802312,-1.94837890694638
1.08848020204075,0.0593221510007496,-1.8824248836801
1.09157994865913,0.0581049403672949,-1.78601974367044
1.09525533862464,0.0560875205796476,-1.66043514598591
1.09954092640502,0.053819516634338,-1.50930408298275
1.10446830006124,0.0516213222689494,-1.3377220401137
1.11006479673899,0.0496814989563661,-1.15114173179018
1.11635210034254,0.0481213001344736,-0.954405202684902
1.12334458666051,0.0470279861635721,-0.751216921808748
1.13104766660691,0.0464699084537579,-0.544305193631984
1.13945636957088,0.0464673167186773,-0.335967548516423
1.14855422321844,0.0469784465291696,-0.128499278046118
1.15831241870257,0.047943828535248,0.0757831964831222
1.16868925472118,0.0492962823263372,0.274885574211396
1.17962986681561,0.0509091504933179,0.467602042121646
1.19106629613324,0.0525491423500151,0.653856954242168
1.20291794551993,0.0538564777433321,0.834606922615616
1.21509248074198,0.0544024300145205,1.0112361275985
1.22748745837783,0.0538257019165531,1.18476286575531
1.2399930993105,0.0519059426392405,1.35522813993547
1.25249629236891,0.0484883001890064,1.52165168092021
1.26488540940157,0.0433515846293333,1.68244994156565
1.27705533648296,0.0361981062921743,1.83560486787398
1.28891227183197,0.026796285405017,1.9784401354913
1.30037795506523,0.0150994061881433,2.10743589745304
1.31139288509961,0.00124221789404588,2.21827571975096
1.32191800670979,-0.0144944301285177,2.30631900668004
1.33193463177239,-0.0316642919240722,2.36747337352573
1.34144283344067,-0.049618192302272,2.39893811885325
1.35045874676607,-0.067548006971534,2.39955865608425
1.35901110221976,-0.0846201020826318,2.36985977697733
1.36713723988246,-0.100075677816944,2.31170446532548
1.37487893207024,-0.113221788195243,2.22772852116606
1.38227846317994,-0.123393569698162,2.12100808036097
1.38937539967842,-0.129973880893935,1.99510060643274
1.39620426417061,-0.132428202669707,1.85404837669269
1.40279309457766,-0.130287666786832,1.70199700208994
1.40916279717512,-0.123130315454045,1.54267587198983
1.41532719716537,-0.110686961204439,1.37919605816935
1.42129365562539,-0.093097958483332,1.21399763483446
1.42706409211379,-0.0712207982114357,1.04842007169737
1.43263621588124,-0.0469039906506108,0.882237057211441
1.43800471584271,-0.0229838023231316,0.714097193728308
1.44316219957651,-0.00251463710689337,0.5427735151396
1.44809983223352,0.0124653469632335,0.368142647513427
1.4528077500525,0.0213857711401717,0.191378124570116
1.45727536245352,0.0246142133417238,0.0144864713252989
1.46149171590376,0.0229876763965455,-0.160588744792107
1.46544608227296,0.0177639171568029,-0.332535362693877
1.46912869267706,0.0103964550755751,-0.500172554842091
1.47253129379866,0.00191706114672008,-0.661388116985988
1.47564734363741,-0.00739906460836748,-0.81273302628706
1.47847206186947,-0.0176121683268966,-0.950133131131008
1.48100268016308,-0.0284798675275577,-1.06999472394815
1.48323894509923,-0.0393290209350761,-1.16970377473361
1.48518360882694,-0.0494080411816683,-1.24737535756544
1.48684265525547,-0.0581893966227135,-1.30167555133273
1.48822525618951,-0.0653569165314459,-1.33235482067859
1.48934361720477,-0.0706677735082184,-1.34104995859217
1.49021281533089,-0.0739458956906275,-1.33145258679556
1.49085058717832,-0.0752504274419181,-1.30847463502462
1.4912769945983,-0.0750491906431671,-1.27689850963311
1.49151395236587,-0.0741569724659458,-1.24047295805908
1.49158461358945,-0.0733720297807002,-1.20184784192395
1.49151258530499,-0.0728962150838349,-1.16290300123493
1.49132094982947,-0.0712473236464931,-1.1252655764039
1.49103110030734,-0.0616659108118599,-1.09131558087107
1.4906614863568,-0.0231842725415556,-1.06525990782742
1.4902264729464,0.0462723889896294,-1.05299801142434
1.48973552920028,0.091956426270315,-1.06048535933006
1.48919287594117,0.113092335352787,-1.09201346441235
1.48859760201534,0.124990998748509,-1.14973131568192
1.48794414062368,0.132830448034974,-1.23420240304556
1.48722291454863,0.138232950653662,-1.34486166979709
1.48642098358762,0.141601434805429,-1.47969017403362
1.48552267443271,0.142605292129087,-1.63443996421176
1.48451030183793,0.140500216662698,-1.80206652853145
1.48336504708717,0.134632079693679,-1.97277074016002
1.48206791236804,0.124715316845679,-2.13457211291681
1.48060064421971,0.110626976571155,-2.2736587649687
1.47894668835482,0.0922451513711311,-2.37412922590553
1.47709237601773,0.0696861145839904,-2.41790800418949
1.47502847980685,0.0436003203499085,-2.38550089225672
1.47275206700052,0.0153137677960378,-2.25775398702897
1.47026835288118,-0.0130284061649444,-2.01898161478996
1.46759224218844,-0.0382570295074218,-1.66093937178324
1.46474940437454,-0.0560667661133238,-1.18572761459216
1.46177672768813,-0.0612234043426962,-0.606487455834508
1.45872187689147,-0.0485464983943027,0.0533031136925004
1.45564171158872,-0.0155195293298758,0.761117410874302
1.45259956297117,0.033742122154621,1.4778211427699
1.44966168659887,0.0871228710094549,2.16174562474657
1.4468933666151,0.129693236826615,2.77352304132137
1.44435506222999,0.151228470547374,3.2803458443835
1.44209886287564,0.148938479206626,3.65892004744938
1.44016549473002,0.125614545055993,3.89691694028076
1.4385821107532,0.0869435655152735,3.99270778960853
1.43736101847531,0.0395872672323976,3.95318014338913
1.43649937942492,-0.010035129225705,3.79027682937874
1.43597977873665,-0.0565382925782054,3.51796399447588
1.43577145541432,-0.0960855171533228,3.15079999643434
1.43583196468257,-0.126684981363717,2.70351840896664
1.43610915246745,-0.148187858935103,2.19063850688021
1.43654349256085,-0.161843818428531,1.62610200580071
1.43707086477666,-0.169491546597521,1.02332142258247
1.43762565942464,-0.172696457222082,0.395728202485912
1.43814390489481,-0.172156674524487,-0.242416985584374
1.4385661221798,-0.167524494439128,-0.875560085782601
1.43883971143506,-0.157433074626937,-1.48728309969849
1.4389207563148,-0.139358288159597,-2.06163350528452
1.43877523609808,-0.109477590819785,-2.58482278367588
1.43837972601106,-0.06417175740918,-3.04605221999437
1.43772165733784,-0.00594790863648897,-3.43648659547876
1.43679921854972,0.051803296893037,-3.74741943556239
1.43562109925915,0.0950946521438244,-3.96932039844045
1.43420635911072,0.121034861432583,-4.09198444640245
1.43258457986955,0.133892331481713,-4.10587166951382
1.43079618672063,0.1382276168437,-4.00472937555232
1.42889265461126,0.136894498037208,-3.78779994096677
1.4269363328474,0.131589576129748,-3.4600392996092
1.42499968866297,0.123624617152096,-3.03102278299022
1.4231638831848,0.114177831205309,-2.51377197184191
1.42151675153041,0.104154278701875,-1.92383462594224
1.42015034268381,0.0939800005296028,-1.27839794788775
1.41915818903896,0.0835815955288453,-0.595451284864678
1.41863247449256,0.0725389357053088,0.106615197458818
1.41866123764237,0.0602305442768829,0.809097236933668
1.4193256881139,0.0459586412691348,1.49331546335708
1.42069765783886,0.0291177493735235,2.1414268832213
1.42283719278066,0.00936052725336367,2.73764427302145
1.42579031755837,-0.0132742848021001,3.26957880610357
1.42958702508964,-0.0382640897346698,3.72885807879645
1.43423954478069,-0.0645863534630617,4.10967502843135
1.43974096722987,-0.0908271231100362,4.40559280072196
1.4460643754467,-0.115396355447622,4.60851067139718
1.4531627098471,-0.136797949999162,4.71229244436538
1.46096960078312,-0.153756476242747,4.71703206849763
1.46940129383453,-0.164997753582552,4.62913865969806
1.47835953797455,-0.168794135470959,4.45814823624541
1.48773502881739,-0.162521323822232,4.21396563512493
1.49741098652725,-0.142433152684678,3.90635191559238
1.50726666330482,-0.104511806415459,3.54594089787716
1.51718069264837,-0.0486938864710426,3.14496051700121
1.52703418218486,0.0145049491829872,2.71661962154897
1.53671347382405,0.0674261486763431,2.27369764565724
1.54611251610684,0.100011939662232,1.82740731848724
1.5551347297245,0.113454886248877,1.38695153543081
1.56369424210288,0.112829579546014,0.959526687654748
1.57171658407828,0.102496682936414,0.550493320402271
1.57913914765883,0.0855514773477537,0.163739964612423
1.58591162997794,0.0642953873601682,-0.197696301482131
1.5919964981146,0.040519003992143,-0.531033027082288
1.59736942342607,0.0155938288052733,-0.833632797884908
1.60201966026334,-0.00943201455051956,-1.10335387627695
1.60595036629089,-0.033681259499901,-1.33880959220206
1.60917876134936,-0.0563218153943441,-1.53927319156944
1.61173588536289,-0.0765553623748623,-1.70444002460753
1.61366570129851,-0.0936872687162174,-1.83431008094256
1.61502343635432,-0.107178667184268,-1.92937470883142
1.61587326373386,-0.116640704072451,-1.99098574291209
1.61628546519576,-0.121795994899166,-2.0214365486016
1.61633316234561,-0.122444853834241,-2.02353448743663
1.61608886542338,-0.118507773288778,-1.9999531592264
1.61562124745521,-0.110204816063191,-1.95295441641827
1.61499241045992,-0.0982106213438136,-1.88496528577914
1.61425575012312,-0.0834321132167362,-1.7996162462104
1.61345459348148,-0.0662039990194922,-1.70216957127026
1.6126217883222,-0.0452915199537017,-1.59888658653866
1.611780116306,-0.0187546236245328,-1.49599135787978
1.61094304614592,0.0108859701719939,-1.39919184660972
1.61011527000366,0.0360328711329304,-1.31382039595673
1.60929269843619,0.0536993580243233,-1.24476451650332
1.60846197062732,0.0663863833987333,-1.19596346815577
1.60759985064103,0.0768014359315545,-1.17009401370038
1.60667294452407,0.0862224846954518,-1.16831528008813
1.6056380101212,0.0948542090123418,-1.18941041207222
1.60444292059125,0.102489648105974,-1.22886315479926
1.60302817963622,0.108945151468371,-1.27886327718396
1.60132879954662,0.114056310674561,-1.3291154335685
1.59927642125399,0.117439146380676,-1.36771717383913
1.59680177191224,0.118305585492086,-1.38161643287903
1.59383774139432,0.115464209914532,-1.35657119906263
1.5903233280574,0.107531820755447,-1.27707837210243
1.58620841743861,0.0933084994083806,-1.12689241756598
1.58145895483195,0.0722984400132274,-0.890371319164169
1.57606184533278,0.0453778168386083,-0.555023270866731
1.57002904198595,0.0155009228531617,-0.115849334039331
1.56340045742146,-0.0118655384404935,0.419812797651857
1.55624515726885,-0.0291858477087386,1.03052011512843
1.54866009528602,-0.0288600117740077,1.68362646791054
1.54076606783656,-0.00703919088183769,2.34036571122706
1.53270135493928,0.0321140680249299,2.96039310416473
1.52461386933858,0.0760874819237147,3.50546412742366
1.51665257100828,0.110543120352916,3.94249137523585
1.50895898573581,0.127004550164111,4.24548475335673
1.50165976470987,0.124521163128791,4.39644738328287
1.4948609791695,0.106664118044475,4.38606303183172
1.48864439381422,0.0784098432247444,4.21395165623642
1.48306554273963,0.044548031454593,3.88763457710904
1.47815326333572,0.00922912242685481,3.42098905881444
1.47391049379383,-0.0241932350165759,2.83357734443358
1.47031630276831,-0.0536320544591833,2.15003307292408
1.46732910516145,-0.0787598591107579,1.39770697939033
1.46489089078585,-0.100728005698147,0.603223854314553
1.46293200095441,-0.12102697238996,-0.209563662561989
1.46137565010597,-0.140310971060949,-1.019347877048
1.46014151274289,-0.15794777466476,-1.80599268806391
1.45914837395687,-0.172342399837953,-2.54915547195479
1.45831642057167,-0.181577408335965,-3.22782600837359
1.45756975177507,-0.183830772725023,-3.82174738326402
1.45683926907574,-0.177180814306345,-4.31437478593493
1.45606562129425,-0.15872561564776,-4.69544925916896
1.4552015744833,-0.123795583680705,-4.96148203557929
1.45421318492627,-0.0686813407187622,-5.11389736098971
1.45307960967799,-0.00173497291363878,-5.15619403362926
1.45179212577224,0.0538864061842368,-5.09207431145677
1.45035329756179,0.0851851941461641,-4.92526300188327
1.44877683557005,0.0975669384740123,-4.66029778130051
1.44708790392646,0.100266654911757,-4.30325339787429
1.44532315332125,0.0994802553632852,-3.86192625444096
1.44352991735103,0.0985283599353023,-3.3457386574127
1.44176455395458,0.0989247660812789,-2.76568199965558
1.44009031348413,0.101053525097363,-2.1342331080169
1.43857511219953,0.104568011898426,-1.46508299543124
1.43728938760147,0.108650272046154,-0.772803684208011
1.43630409191498,0.112195578055847,-0.0728581412698492
1.4356888541126,0.113983674373396,0.618210274329373
1.43551030821577,0.112865628159781,1.2833702216742
1.43583055533331,0.107923814360891,1.90644518969552
1.43670573249006,0.0985501316488993,2.4728936901906
1.43818468517492,0.0844739465543682,2.9698794296029
1.44030775232341,0.0657763478045674,3.38675787809989
1.44310563337579,0.0428475974226838,3.71616787751856
1.44659826342311,0.0162943407998659,3.95486609325475
1.4507936773828,-0.0131294076541919,4.10370294046359
1.45568696498305,-0.0445599943947967,4.16683180211787
1.46125949443555,-0.0770560325074863,4.15065141360998
1.4674785865777,-0.109593684430387,4.06291039464514
1.474297777087,-0.141018881152425,3.9120986683207
1.48165772567487,-0.170029165818737,3.70716160486085
1.48948772652148,-0.195229842609516,3.45748166318916
1.49770766661777,-0.215233401867432,3.17286110037382
1.50623024491376,-0.228709050240833,2.86329295919859
1.51496335100391,-0.234104392322729,2.53849213890069
1.52381253987378,-0.228107567079465,2.20725740542345
1.53268340881557,-0.198479126478271,1.87685676038981
1.54148362614236,-0.0976796706079416,1.55277528710292
1.55012453302458,0.0797114223404762,1.23907510908986
1.55852246273544,0.162522278719784,0.939051297215159
1.5666000544093,0.172299335915457,0.655497137685116
1.5742877511937,0.16168899312981,0.390401945815766
1.58152533061171,0.144271252915714,0.14449478275469
1.5882631073813,0.123742071410692,-0.0828476400835181
1.5944626321227,0.101527756031533,-0.292937043186127
1.60009691394152,0.0785607219976923,-0.48670093873142
1.60515021159691,0.0556365520148021,-0.664205108592935
1.60961754669662,0.0333427837291791,-0.825062487760578
1.61350420879536,0.0120365571595169,-0.968992722625055
1.61682530152298,-0.00801127362978016,-1.09579414889301
1.61960508179938,-0.026476870862107,-1.20477410978646
1.62187592602282,-0.0429971202376058,-1.2944244272241
1.62367704954085,-0.0572620463516142,-1.36287784165983
1.62505315489442,-0.0690434596291478,-1.40872155037266
1.6260529922856,-0.0781628900152738,-1.43148670151965
1.62672774444874,-0.0844697905445602,-1.43172685358318
1.62712924506636,-0.0878410813774902,-1.41094807527045
1.62730808592281,-0.0882108305669086,-1.37154450478053
1.62731167402506,-0.085633811028917,-1.31691960902687
1.62718235510618,-0.0802386534533179,-1.25185345963535
1.62695584370595,-0.0719677541577703,-1.18252218739861
1.62666028806356,-0.0603160943560118,-1.11570237144224
1.62631601436507,-0.0443281194250573,-1.05794078171953
1.62593555105951,-0.0230565031393984,-1.01528975089701
1.62552361618736,0.00332916368433861,-0.992994784770983
1.62507711575388,0.0325614917741179,-0.994868289940272
1.62458522996123,0.0611309049685062,-1.02273226104048
1.62402954383788,0.0865019629014222,-1.07630093898276
1.62338417712705,0.108044636117316,-1.15376194633387
1.6226159115551,0.126221539600163,-1.25247350736736
1.6216844002912,0.141516460567671,-1.36868145524163
1.62054265358628,0.153922503614878,-1.49629396026061
1.61913800981317,0.162957297258353,-1.62583305371849
1.61741368648086,0.167878671182087,-1.74421298989828
1.61531084950307,0.16775070612917,-1.83513127895713
1.61277109321792,0.161366963554693,-1.87976302009895
1.6097393125516,0.147379952122403,-1.8577264465904
1.60616703108256,0.124694023844607,-1.74838692784923
1.60201619501873,0.0928098691672616,-1.53269848720322
1.59726320018624,0.0521431945594317,-1.19586262782894
1.59190264646133,0.00475699034434873,-0.730656724419617
1.58595027624905,-0.0444814328560388,-0.140715230515998
1.57944464833178,-0.0870927268252606,0.557280574528295
1.57244705043685,-0.111516884559084,1.33358504228906
1.56503919585052,-0.105888685407226,2.14787714185135
1.55731883400732,-0.0640794759320062,2.95342817078838
1.54939417405513,0.00618047689242496,3.70184883160007
1.54137812056438,0.0819326807848986,4.34771491571329
1.53338282907448,0.138327300771894,4.85247862183571
1.5255147897743,0.163543916836484,5.18713468009587
1.51787067808865,0.159402963079594,5.33351834085689
1.51053418428314,0.133677699615141,5.28463397952249
1.50357385961507,0.0944448717590278,5.04432428922365
1.49704179639056,0.0482569264914035,4.62591435965927
1.4909728398987,0.000330312276819011,4.04992646703068
1.48538426228491,-0.0449021067419078,3.34232603884919
1.48027625161903,-0.0839333854039155,2.53376984107272
1.47563360744084,-0.115094486450687,1.65782981890287
1.47142859146514,-0.139153098816673,0.747086142407804
1.46762441418195,-0.158566456632629,-0.170588493093578
1.46417863474486,-0.175729348704274,-1.07285092930138
1.46104588936278,-0.191456216805987,-1.94104459702856
1.45817985451201,-0.204514468705607,-2.75782304660511
1.45553486265412,-0.212092851448114,-3.50576945996085
1.45306767442907,-0.210369285695235,-4.16733484749842
1.45073962567733,-0.194264666893524,-4.72586648770624
1.44851902649732,-0.156528794154655,-5.1677848908821
1.44638337605089,-0.0899817775514579,-5.48573390631088
1.44432078086389,-0.00111791166306785,-5.68008002832893
1.44233016293654,0.0806203360931811,-5.7558079219128
1.44042039696413,0.132431256790114,-5.71716571554333
1.43860907012129,0.156837112959641,-5.56536831821318
1.43692164837343,0.164679505802332,-5.30034565928401
1.43539130485709,0.164002712566257,-4.92356414953174
1.43405896141073,0.15936725594302,-4.43986905780249
1.43297284834457,0.153023702350535,-3.85835310298601
1.43218723234895,0.145730537000227,-3.19264994509441
1.43176045865803,0.137302878344633,-2.46060928789246
1.43175267101209,0.127088579014763,-1.68343949949266
1.43222350259574,0.114353324308398,-0.884661110725404
1.43322991953759,0.0985010245204285,-0.0889452151713554
1.43482434034747,0.0791666169670071,0.679197023520411
1.43705305112981,0.0562614424460022,1.396831495654
1.43995478625464,0.0299975907920684,2.04404777496
1.44355927507972,0.000873473103645939,2.60512192828788
1.44788563537407,-0.0303864454191407,3.06917078112458
1.45294064665433,-0.0629010607844553,3.43041105543921
1.45871703715828,-0.0956839410798955,3.68798595179464
1.46519197617593,-0.127658989220419,3.84526623776706
1.47232604803921,-0.157595547324801,3.90900393160208
1.48006303313451,-0.183990127008657,3.88862797631326
1.48833073953691,-0.204994528122292,3.79536377956345
1.49704292490576,-0.218377078447962,3.64120700935985
1.50610210812671,-0.221306424834335,3.43828035183987
1.51540291774604,-0.209605254783906,3.19834868562372
1.52483561112879,-0.176421112298946,2.93200319093363
1.53428945597301,-0.113193311785202,2.64795484759606
1.54365575952749,-0.0227585920192274,2.35296233334589
1.55283046552758,0.0642433214464846,2.05224183760116
1.5617163500016,0.117691035177391,1.75011234328976
1.57022486674839,0.137742789366509,1.45071729805441
1.57827766125508,0.136853273185875,1.15845714496749
1.58580777753546,0.124346921414779,0.877851391535073
1.59276061719242,0.105369879441777,0.613032768276981
1.59909471923313,0.0828642787045255,0.367185404915058
1.60478237702865,0.05881681473603,0.142206652923381
1.60980998997544,0.0346669704802109,-0.0610548701862621
1.61417797567587,0.0113987668665871,-0.242249668444708
1.61790012468299,-0.0103710638079775,-0.401428298592579
1.62100240079699,-0.0302834502469687,-0.539408478836752
1.62352127561473,-0.0481340550581668,-0.657860808519893
1.6255016660174,-0.0637646932289093,-0.758734656021166
1.62699454584982,-0.0769807575283268,-0.843515859591012
1.62805445697004,-0.0875652852243676,-0.913057125141378
1.62873721450752,-0.0953749174091323,-0.967944591202232
1.62909793014142,-0.100413719360894,-1.0087131749234
1.62918931603318,-0.102812982569802,-1.03573626023057
1.62906027634188,-0.102758081584841,-1.04911109583601
1.62875493016746,-0.100468343512732,-1.04863564377648
1.62831224301424,-0.0962345950771635,-1.03393821775985
1.62776632803347,-0.090419362333661,-1.00485050264341
1.62714727015135,-0.0834297075464085,-0.961928623927992
1.6264821192998,-0.0757096542166366,-0.906896097576484
1.62579567945627,-0.0676680878783259,-0.842602828288294
1.62511093094973,-0.0594698281348511,-0.772417929837042
1.62444913688509,-0.0506766803653011,-0.699609460226534
1.62382972550104,-0.0395917786663693,-0.627165334224667
1.62326996819573,-0.0224850628644926,-0.558053919977509
1.62278448064068,0.00377694232621867,-0.495454079581333
1.62238471459459,0.0336345721567748,-0.44252850865995
1.62207863738188,0.0582414584905783,-0.402072939935629
1.62187060652029,0.0768178241665692,-0.376372897335965
1.62176129045424,0.0920352051104854,-0.367315689885271
1.62174750384684,0.105724296523367,-0.376892342118884
1.62182190540445,0.118597739032818,-0.407664745378539
1.62197257499694,0.130562531374236,-0.462436504957264
1.62218253057626,0.141170928097418,-0.543197631878351
1.6224292158356,0.150183503940936,-0.650587199845513
1.62268392454287,0.157685128435953,-0.784683354145385
1.6229111594139,0.163609594136771,-0.945768187097911
1.62306804625467,0.167478907593119,-1.13389360146264
1.62310400832097,0.168734005750329,-1.34832584531639
1.62296089863897,0.167045822693654,-1.58748018038163
1.62257370207669,0.162186046551706,-1.84849475149882
1.62187182275253,0.153627059404918,-2.12625973793511
1.62078094225365,0.140256180384054,-2.41253552190167
1.61922542763641,0.120583089544036,-2.69570181141563
1.61713122622636,0.0933970867167822,-2.96154797943659
1.61442913019759,0.058350260688254,-3.19502361822559
1.61105826740359,0.0160785409794717,-3.38190070161593
1.60696966378795,-0.0320055645820152,-3.50952962887108
1.60212965840629,-0.0838095397902978,-3.56740744396764
1.59652283175622,-0.136346458534786,-3.54847882314479
1.59015407820404,-0.185355871458433,-3.45064375694569
1.58304965670003,-0.224517994800519,-3.27734729849659
1.57525733976195,-0.243203849377553,-3.03705292761916
1.56684579478497,-0.221752782538132,-2.74228806502647
1.55790310440513,-0.129029747530838,-2.40872069164059
1.54853423497592,0.0508150365392961,-2.05405016029918
1.5388574094665,0.263102158293753,-1.69653409865349
1.52899962766747,0.430061457421736,-1.35334013548581
1.51909180997765,0.535025207067063,-1.0389833652805
1.50926398974673,0.593418350912639,-0.764205162486593
1.49964073741402,0.617914331226374,-0.53548731022683
1.49033691370145,0.614498262474986,-0.354950056741002
1.48145395781065,0.585767742954718,-0.220231742632103
1.47307693073692,0.533632167815154,-0.124209457543699
1.46527245251252,0.460886441827479,-0.0552091827378188
1.45808767364318,0.371879070114138,0.00132669864161873
1.45155031213453,0.272486545197324,0.0599983432275246
1.44566954834586,0.169554692848924,0.132965344361594
1.44043756893962,0.0700080345781391,0.229027069745709
1.43583173427371,-0.0200568909953569,0.353949460606124
1.43181732917444,-0.0961424261983401,0.510234885933009
1.42835060683474,-0.155968066560382,0.69553990667952
1.42538165814922,-0.199713333853505,0.901891619063005
1.42285677935241,-0.229646091101329,1.1178281791501
1.42072036316975,-0.249253803598324,1.33236018129231
1.41891660646515,-0.262260720820423,1.53798789583507
1.41739130820296,-0.271859370465078,1.73123889385627
1.41609373703783,-0.280277732430926,1.91124693506935
1.41497822996312,-0.288655923878432,2.07785684354978
1.41400515741415,-0.297157459025535,2.23020696295842
1.41314119734133,-0.305227322883516,2.3661608169706
1.41235917691936,-0.311909961156005,2.48270550618941
1.41163777466729,-0.316149390079869,2.57678743945943
1.41096118598173,-0.317010465603424,2.6459472354039
1.41031867128457,-0.313804028338494,2.68873523730441
1.40970387239084,-0.306138142595047,2.70493443659658
1.40911388908029,-0.293914901926476,2.69550850835018
1.40854823778435,-0.277280531254278,2.66246399817186
1.40800785683768,-0.256564541275144,2.60862263239946
1.4074942742973,-0.232270529624683,2.5371459514396
1.40700898831373,-0.205140116686073,2.45109417058681
1.40655306621718,-0.176253650296346,2.353275910942
1.406126940384,-0.147117997557335,2.24618697919192
1.40573036568802,-0.119677210735861,2.13186796479832
1.4053625018603,-0.0961315364699602,2.01186282160892
1.40502208198742,-0.0784698328024596,1.88744464978282
1.40470763421493,-0.0678306445875114,1.75986527106389
1.40441774231829,-0.0640200008158416,1.63030030165342
1.40415133153192,-0.0653882709173838,1.49952675393018
1.40390793477888,-0.0689410203164675,1.36759753940726
1.40368787171061,-0.0704251040039051,1.2338212305772
1.40349228601931,-0.0643062970871652,1.09722491758956
1.40332301461625,-0.0445606883216839,0.957215345425364
1.40318230048126,-0.00952203995195983,0.813960688164398
1.40307241225577,0.0305222926002173,0.668419867465146
1.40299526528526,0.0598852889545576,0.522254374858581
1.40295213010197,0.0729610568372264,0.377721865003112
1.40294347711748,0.0730505221736785,0.237447547094139
1.40296894750886,0.0648994194030668,0.104042246545918
1.40302738522656,0.0521347010045669,-0.0202335454203627
1.40311686990564,0.0372136535268338,-0.133640383366457
1.40323474961076,0.0217146699912785,-0.235111796674595
1.4033777081249,0.00659190079745853,-0.324384578429756
1.4035418942231,-0.00760934372593658,-0.401845862284412
1.40372312184153,-0.0205749456398744,-0.468036501173046
1.40391711771667,-0.0320667574047516,-0.523091406218945
1.40411976109724,-0.0417808460225964,-0.566399055503602
1.40432725738129,-0.0492757047262775,-0.596546478904972
1.40453621841248,-0.0540650625015382,-0.611640935915882
1.40474368897825,-0.0558482531469464,-0.610124357626081
1.40494718540029,-0.0547077937879999,-0.591749338241017
1.40514473120562,-0.0511382193386355,-0.558104851693735
1.4053348123296,-0.0459017181222512,-0.512424700122338
1.40551623220353,-0.0398026098379753,-0.458831088501735
1.40568793181,-0.0334960003308267,-0.401400385140583
1.40584886189882,-0.0274023140516223,-0.343481020776033
1.40599795982787,-0.021732216350669,-0.287451932310877
1.40613422114191,-0.0165696393228648,-0.234840346930046
1.40625680944698,-0.0119443481349726,-0.186607286647762
1.40636514420438,-0.00785424402285373,-0.143368478447763
1.40645893126372,-0.00424405946515882,-0.105412630202485
1.40653815017252,-0.000997056175474298,-0.0726223545099769
1.40660305082936,0.00200751072846239,-0.0445343343271245
1.40665418356137,0.00480909871226734,-0.0206098373891345
1.40669243221418,0.00734385143896535,-0.000504233883368478
1.40671900644102,0.00950142922479313,0.0158970918621306
1.40673537463422,0.0111955405959729,0.0286505788751933
1.40674316143709,0.0124003543760085,0.0379426243797595
1.40674405002027,0.0131473517708384,0.0441375000959478
1.40673969678374,0.0134936016181703,0.0476499788161318
1.40673164381194,0.0134860388648572,0.0487728430353693
1.4067212350851,0.0131487739958388,0.0476355866155645
1.40670956243647,0.012497914242941,0.0443285533996474
1.40669746186788,0.0115608605977719,0.0390638788811051
1.40668555931605,0.010381122257358,0.0322275865638208
1.40667433759245,0.00901424872961348,0.0243298432829573
1.4066641908744,0.00752246671529172,0.0159576341329397
1.40665545110925,0,0.00775222456217402
